snr_key,id,name,ra,dec,klass,size_maj_arcmin,size_min_arcmin,d_arcmin,r_arcmin,d_pc,pa_deg,shape,xray_rate_ctss,xray_rate_err,xray_rate_is_upper_limit,sn_type,ovality,eccentricity,ref_discovery_code,ref_discovery,ref_confidence,ref_confirm_code,ref_confirm,alias,lx_1e35,nh_1e21,age_kyr,age_err_kyr,alpha_radio,alpha_radio_err,s_1ghz_jy,e0_1e51_erg,age_l17_yr,n0_cm3,in_m16,in_b17,in_l17,in_y21,in_k22,in_b23,thesis_note,dataset_version
1,MCSNR J0447-6918,J0447-6918,71.80083333333333,-69.32111111111111,SNR,6.0,3.8,4.9,2.45,71.26756,320.0,ellipse,0.024,0.011,False,,0.4489795918367347,0.7738791177495933,B17,2017ApJS..230....2B,ok,,,B17-Candidates-New,,,,,,,,,,,False,True,False,False,True,False,,3
2,MCSNR J0448-6700,J0448-6700,72.10499999999999,-67.00694444444444,SNR,5.4,5.4,5.4,2.7,78.53976,0.0,circle,0.222,0.015,False,Ia,0.0,0.0,BGS06,"2006ApJS..165..480B (Blair et al. 2006, UV)",verify-bibcode,,,[HP99] 460,0.46,,,,-0.11,0.05,0.0334,,,,True,True,False,False,True,False,,3
3,MCSNR J0449-6903,J0449-6903,72.39166666666665,-69.05944444444444,SNR,3.6,3.4,3.5,1.75,50.9054,0.0,ellipse,0.03,0.0087,False,,0.0571428571428572,0.32867109906109,B17,2017ApJS..230....2B,ok,,,B17-Candidates,,,,,-0.5,0.01,0.0984,,,,False,True,False,False,True,False,,3
4,MCSNR J0449-6920,J0449-6920,72.33333333333331,-69.33888888888889,SNR,3.3,3.3,3.3,1.65,47.99652,0.0,circle,0.063,0.0096,False,CC,0.0,0.0,KPS10,"Klimek, Points & Smith 2010",verify-bibcode,,,,0.07,2.33,,,-0.4,0.08,0.0869,0.599,21400.0,0.291,True,True,True,False,False,False,,3
5,MCSNR J0450-7050,J0450-7050,72.6125,-70.83749999999999,SNR,6.4,6.4,6.4,3.2,93.08416,0.0,circle,0.253,0.019,False,CC,0.0,0.0,MFT85,Mathewson et al. 1985,verify-bibcode,,,B0450-709,0.59,0.93,,,-0.41,0.03,0.6893,2.96,40600.0,0.13,True,True,True,False,False,False,,3
6,MCSNR J0453-6655,J0453-6655,73.29249999999999,-66.91444444444446,SNR,4.3,4.3,4.3,2.15,62.54092,0.0,circle,0.514,0.018,False,CC,0.0,0.0,SCM94,"Smith, Chu & Mac Low 1994",verify-bibcode,,,N4,1.17,0.6,,,-0.58,0.06,0.1116,2.78,25000.0,0.189,True,True,True,False,False,False,,3
7,MCSNR J0453-6829,J0453-6829,73.40708333333332,-68.49388888888889,SNR,3.3,3.3,3.3,1.65,47.99652,0.0,circle,6.23,0.06,False,CC?,0.0,0.0,LHG81,"1981ApJ...248..925L (Long, Helfand & Grabelsky 1981)",verify-bibcode,,,B0453-685,13.85,0.54,13500.0,1500.0,-0.34,0.01,0.21,0.829,11400.0,0.577,True,True,True,False,False,False,,3
8,MCSNR J0454-6626,J0454-6626,73.70416666666667,-66.42555555555556,SNR,2.5,2.5,2.5,1.25,36.361,0.0,circle,0.396,0.015,False,CC,0.0,0.0,MC73,1973ApJ...180..725M (Mathewson & Clarke 1973),verify-bibcode,,,N11L,0.63,0.35,,,-0.5,0.03,0.1539,0.164,11100.0,0.166,True,True,True,False,False,False,,3
9,MCSNR J0454-6713,J0454-6713,73.61333333333333,-67.22222222222223,SNR,2.4,2.4,2.4,1.2,34.90656,0.0,circle,0.758,0.0022,False,Ia?,0.0,0.0,SCM94,"Smith, Chu & Mac Low 1994",verify-bibcode,,,N9,1.58,1.32,,,-0.51,0.03,0.0767,,,,True,True,False,False,False,False,,3
10,MCSNR J0454-7003,J0454-7003,73.5825,-70.05749999999999,SNR,2.6,2.4,2.5,1.25,36.361,80.0,ellipse,0.048,0.00525,False,,0.08000000000000007,0.38461538461538475,Y20,"Yew 2020, PhD thesis",verify-bibcode,,,,,,,,,,,,,,False,False,False,True,False,False,,3
11,MCSNR J0455-6839,J0455-6839,73.87166666666666,-68.65027777777779,SNR,6.4,5.2,5.800000000000001,2.9000000000000004,84.35752000000002,90.0,ellipse,0.757,0.03,False,CC,0.20689655172413793,0.5829611908180511,MC73,1973ApJ...180..725M (Mathewson & Clarke 1973),verify-bibcode,,,N86,1.42,,,,-0.51,0.04,0.3345,,,,True,True,False,False,False,False,,3
12,MCSNR J0456-6533,J0456-6533,74.21125,-65.54555555555555,SNR,5.7,5.7,5.7,2.85,82.90308,0.0,circle,0.18,0.014,False,Ia,0.0,0.0,Za24,2024A&A...692A.237Z,ok,,,,,,,,,,,,,,False,False,False,False,False,False,typed Ia (TN) from Z24 + XMM analysis (Shukla 2024),3
13,MCSNR J0456-6950,J0456-6950,74.15833333333333,-69.84861111111111,SNR,5.4,4.2,4.800000000000001,2.4000000000000004,69.81312000000001,0.0,ellipse,0.01,0.0133,False,,0.25,0.628539361054709,B17,2017ApJS..230....2B,ok,,,B17-Candidates-New,,,,,,,,,,,False,True,False,False,True,False,,3
14,MCSNR J0459-7008,J0459-7008,74.96624999999999,-70.13055555555555,SNR,2.9,2.9,2.9,1.45,42.17876,0.0,circle,0.211,0.013,False,CC,0.0,0.0,MC73,1973ApJ...180..725M (Mathewson & Clarke 1973),verify-bibcode,,,N186D,1.09,0.93,,,,,,,,,True,True,False,False,False,False,,3
15,MCSNR J0500-6512,J0500-6512,75.22166666666666,-65.19611111111111,SNR,6.2,3.8,5.0,2.5,72.722,55.0,ellipse,0.071,0.013,False,Ia?,0.4800000000000001,0.7901579815429607,Y21,2021MNRAS.500.2336Y,ok,TW,"Shukla 2024, MSc thesis",,,,,,,,,,,,False,False,False,True,False,False,Y21 optical candidate confirmed as MCSNR by Shukla 2024 (XMM-Newton follow-up; thesis sec. 7.2.1); [SII]/Ha=0.81,3
16,MCSNR J0504-6723,J0504-6723,76.19208333333331,-67.39972222222222,SNR,5.5,5.5,5.5,2.75,79.99419999999999,0.0,circle,0.142,0.015,False,,0.0,0.0,HP99,1999A&AS..139..277H (Haberl & Pietsch 1999),ok,,,,,,,,,,,,,,False,False,False,False,True,False,,3
17,MCSNR J0505-6753,J0505-6753,76.42458333333333,-67.87916666666666,SNR,2.2,2.2,2.2,1.1,31.997680000000003,0.0,circle,18.0,0.1,False,Ia?,0.0,0.0,LHG81,"1981ApJ...248..925L (Long, Helfand & Grabelsky 1981)",verify-bibcode,,,DEM L71,44.59,,4700.0,,-0.6,0.02,0.0087,0.674,6840.0,1.28,True,True,True,False,False,False,,3
18,MCSNR J0505-6802,J0505-6802,76.47791666666664,-68.03055555555555,SNR,2.2,1.8,2.0,1.0,29.0888,45.0,ellipse,10.9,0.1,False,CC?,0.20000000000000007,0.5749595745760689,MC73,1973ApJ...180..725M (Mathewson & Clarke 1973),verify-bibcode,,,N23,26.25,0.81,4600.0,,-0.6,0.04,0.3926,1.06,10000.0,1.54,True,True,True,False,False,False,,3
19,MCSNR J0506-6541,J0506-6541,76.49916666666665,-65.71027777777778,SNR,8.6,8.6,8.6,4.3,125.08184,0.0,circle,0.222,0.018,False,Ia,0.0,0.0,KPS10,"Klimek, Points & Smith 2010",verify-bibcode,,,DEM L72,0.53,0.39,,,,,,0.765,56800.0,0.0254,True,True,True,False,False,False,,3
20,MCSNR J0506-6815,J0506-6815,76.52958333333332,-68.26194444444444,SNR,4.4,4.0,4.2,2.1,61.08648,30.0,ellipse,0.092,0.0125,False,,0.09523809523809532,0.416597790450531,B17,2017ApJS..230....2B,ok,,,B17-Candidates,,,,,0.0,0.41,0.0371,,,,False,True,False,False,False,False,,3
21,MCSNR J0506-7009,J0506-7009,76.56583333333333,-70.15555555555557,SNR,3.2,2.4,2.8,1.4,40.72432,140.0,ellipse,0.095,0.0095,False,,0.2857142857142858,0.6614378277661477,Za24,2024A&A...692A.237Z,ok,,,,,,,,,,,,,,False,False,False,False,False,False,,3
22,MCSNR J0506-7026,J0506-7026,76.70833333333333,-70.43138888888889,SNR,5.5,5.5,5.5,2.75,79.99419999999999,0.0,circle,0.588,0.023,False,Ia?,0.0,0.0,Lea17,Lea17,unmapped,,,[HP99] 1139,1.44,,19000.0,2000.0,,,,1.1,15900.0,0.0258,True,True,True,False,False,False,,3
23,MCSNR J0507-6847,J0507-6847,76.88999999999999,-68.79083333333332,SNR,11.0,9.2,10.1,5.05,146.89844,120.0,ellipse,0.867,0.055,False,,0.1782178217821783,0.5481750338793214,B17,2017ApJS..230....2B,ok,,,"B17-Candidates, conf by Ma21",,,,,,,,,,,False,True,False,False,False,False,,3
24,MCSNR J0508-6830,J0508-6830,77.20833333333334,-68.51388888888889,SNR,3.4,3.4,3.4,1.7,49.45096,0.0,circle,0.062,0.0091,False,Ia?,0.0,0.0,MHK14,2014A&A...561A..76M (Maggi et al. 2014),verify-bibcode,,,J0508-6830,0.09,,20000.0,,,,,0.0871,4650.0,0.000715,True,True,True,False,False,False,,3
25,MCSNR J0508-6902,J0508-6902,77.15416666666665,-69.04833333333333,SNR,3.6,3.6,3.6,1.8,52.35984,0.0,circle,0.194,0.013,False,Ia?,0.0,0.0,BKM14,BKM14,unmapped,,,[HP99] 791,0.37,,22500.0,2500.0,,,,0.582,26600.0,0.0183,True,True,True,False,False,False,,3
26,MCSNR J0509-6731,J0509-6731,77.3775,-67.52222222222223,SNR,1.5,1.5,1.5,0.75,21.8166,0.0,circle,5.61,0.05,False,Ia?,0.0,0.0,LHG81,"1981ApJ...248..925L (Long, Helfand & Grabelsky 1981)",verify-bibcode,,,B0509-67.5,16.51,1.42,400.0,120.0,-0.73,0.02,0.0974,0.037,3960.0,1.87,True,True,True,False,False,False,,3
27,MCSNR J0509-6844,J0509-6844,77.24583333333332,-68.72638888888889,SNR,2.4,2.4,2.4,1.2,34.90656,0.0,circle,20.6,0.1,False,Ia?,0.0,0.0,MC73,1973ApJ...180..725M (Mathewson & Clarke 1973),verify-bibcode,,,N103B,51.7,1.16,860.0,,-0.65,0.03,0.578,0.116,3220.0,5.52,True,True,True,False,False,False,,3
28,MCSNR J0510-6708,J0510-6708,77.5475,-67.13444444444445,SNR,2.0,2.0,2.0,1.0,29.0888,0.0,circle,0.021,0.0088,False,,0.0,0.0,B17,2017ApJS..230....2B,ok,,,B17-Candidates-New,,,,,-0.5,0.0,0.0029,,,,False,True,False,False,True,False,,3
29,MCSNR J0511-6759,J0511-6759,77.82249999999999,-67.98611111111111,SNR,4.1,4.1,4.1,2.05,59.63203999999999,0.0,circle,0.119,0.011,False,Ia?,0.0,0.0,MHK14,2014A&A...561A..76M (Maggi et al. 2014),verify-bibcode,,,,0.16,,20000.0,,,,,0.0535,8120.0,0.0108,True,True,True,False,False,False,,3
30,MCSNR J0512-6707,J0512-6707,78.1125,-67.12166666666666,SNR,2.6,2.6,2.6,1.3,37.81544,0.0,circle,0.058,0.0066,False,Ia?,0.0,0.0,KSB15b,KSB15b,unmapped,,,[HP99] 483,0.09,0.28,,,-0.49,0.01,0.1046,0.0407,15900.0,0.0392,True,True,True,False,False,False,,3
31,MCSNR J0512-6716,J0512-6716,78.10291666666666,-67.28194444444445,SNR,7.8,7.4,7.6,3.8,110.53744,45.0,ellipse,0.14,0.019,False,,0.052631578947368356,0.31612379502404975,B17,2017ApJS..230....2B,ok,,,B17-Candidates-New,,,,,,,,,,,False,True,False,False,True,False,,3
32,MCSNR J0513-6724,J0513-6724,78.42916666666666,-67.40277777777779,SNR,2.6,2.0,2.3,1.15,33.452119999999994,0.0,ellipse,0.05,0.0059,False,,0.26086956521739135,0.6389710663783135,Ma19,2019MNRAS.490.5494M,ok,,,"B17-Candidates, conf by Ma19",,,,,-0.61,0.41,0.0279,,,,False,True,False,False,False,False,,3
33,MCSNR J0513-6912,J0513-6912,78.29833333333332,-69.20555555555556,SNR,4.0,3.2,3.6,1.8,52.35984,55.0,ellipse,0.236,0.0154,False,Ia,0.22222222222222215,0.5999999999999999,MFT85,Mathewson et al. 1985,verify-bibcode,,,DEM L109,0.51,0.56,,,-0.52,0.09,0.2423,0.654,21100.0,0.0426,True,True,True,False,False,False,,3
34,MCSNR J0514-6840,J0514-6840,78.55375,-68.67083333333333,SNR,4.8,4.8,4.8,2.4,69.81312,0.0,circle,0.16,0.014,False,Ia,0.0,0.0,MHK14,2014A&A...561A..76M (Maggi et al. 2014),verify-bibcode,,,HP 700,0.4,,,,,,,0.246,23800.0,0.0307,True,True,True,False,False,False,,3
35,MCSNR J0517-6759,J0517-6759,79.29875,-67.98055555555555,SNR,5.3,5.3,5.3,2.65,77.08532,0.0,circle,0.116,0.014,False,CC,0.0,0.0,MHK14,2014A&A...561A..76M (Maggi et al. 2014),verify-bibcode,,,HP 607,0.24,1.44,,,,,,0.662,60100.0,0.0356,True,True,True,False,False,False,,3
36,MCSNR J0518-6939,J0518-6939,79.67374999999998,-69.65555555555557,SNR,3.4,3.4,3.4,1.7,49.45096,0.0,circle,0.442,0.018,False,CC,0.0,0.0,MC73,1973ApJ...180..725M (Mathewson & Clarke 1973),verify-bibcode,,,N120,0.88,,,,-0.61,0.03,0.4504,0.37,13300.0,0.0962,True,True,True,False,False,False,,3
37,MCSNR J0519-6902,J0519-6902,79.88874999999999,-69.03916666666666,SNR,2.6,2.6,2.6,1.3,37.81544,0.0,circle,15.1,0.1,False,Ia?,0.0,0.0,LHG81,"1981ApJ...248..925L (Long, Helfand & Grabelsky 1981)",verify-bibcode,,,B0519-690,34.94,0.63,600.0,200.0,-0.64,0.02,0.1316,0.183,2680.0,3.51,True,True,True,False,False,False,,3
38,MCSNR J0519-6926,J0519-6926,79.93333333333332,-69.43555555555555,SNR,4.6,4.6,4.6,2.3,66.90423999999999,0.0,circle,1.28,0.03,False,CC,0.0,0.0,MFD83,MFD83,unmapped,,,B0520-694,2.69,,,,-0.53,0.03,0.1606,0.744,18000.0,0.114,True,True,True,False,False,False,,3
39,MCSNR J0521-6543,J0521-6543,80.41249999999998,-65.71861111111112,SNR,6.6,6.6,6.6,3.3,95.99304,0.0,circle,0.058,0.0109,False,CC,0.0,0.0,BGS06,"2006ApJS..165..480B (Blair et al. 2006, UV)",verify-bibcode,,,DEM L142,,,,,,,,,,,True,True,False,False,False,False,,3
40,MCSNR J0522-6543,J0522-6543,80.72291666666665,-65.71916666666667,SNR,5.8,5.2,5.5,2.75,79.99419999999999,26.0,ellipse,,,True,,0.10909090909090903,0.44293905443672854,B23,2022MNRAS.518.2574B,ok,,,,,,,,,,,,,,False,False,False,False,False,True,,3
41,MCSNR J0522-6740,J0522-6740,80.64041666666664,-67.68444444444445,SNR,3.2,3.0,3.1,1.55,45.08764,90.0,ellipse,0.053,0.0119,False,,0.06451612903225812,0.3479852726768767,Y20,"Yew 2020, PhD thesis",verify-bibcode,,,,,,,,,,,,,,False,False,False,True,False,False,,3
42,MCSNR J0523-6753,J0523-6753,80.77291666666666,-67.8888888888889,SNR,4.8,4.8,4.8,2.4,69.81312,0.0,circle,0.414,0.019,False,CC,0.0,0.0,CMG93,CMG93,unmapped,,,N44,0.9,0.21,,,,,,0.504,12600.0,0.0471,True,True,True,False,False,False,,3
43,MCSNR J0524-6624,J0524-6624,81.08666666666666,-66.40777777777778,SNR,4.3,4.3,4.3,2.15,62.54092,0.0,circle,0.038,0.006,False,CC,0.0,0.0,MFT85,Mathewson et al. 1985,verify-bibcode,,,DEM L175a,,,,,-0.41,0.02,0.0725,,,,True,True,False,False,False,False,,3
44,MCSNR J0525-6559,J0525-6559,81.35041666666666,-65.99055555555556,SNR,3.7,3.7,3.7,1.85,53.81428,0.0,circle,16.1,0.1,False,CC?,0.0,0.0,MC73,1973ApJ...180..725M (Mathewson & Clarke 1973),verify-bibcode,,,N49B,38.03,0.95,10000.0,,-0.56,0.03,0.6344,2.82,11800.0,0.51,True,True,True,False,False,False,,3
45,MCSNR J0525-6938,J0525-6938,81.26208333333334,-69.64527777777778,SNR,3.7,3.7,3.7,1.85,53.81428,0.0,circle,130.0,1.0,False,CC?,0.0,0.0,WM66,Westerlund & Mathewson 1966,verify-bibcode,,,N132D,315.04,0.45,3150.0,,-0.65,0.04,5.2642,4.81,8130.0,2.27,True,True,True,False,False,False,,3
46,MCSNR J0526-6605,J0526-6605,81.49749999999999,-66.08444444444444,SNR,2.7,2.7,2.7,1.35,39.26988,0.0,circle,25.0,0.1,False,CC?,0.0,0.0,WM66,Westerlund & Mathewson 1966,verify-bibcode,,,N49,64.37,0.64,4800.0,,-0.59,0.03,1.6618,1.16,7650.0,1.93,True,True,True,False,False,False,,3
47,MCSNR J0527-6550,J0527-6550,81.975,-65.82722222222222,SNR,5.2,5.2,5.2,2.6,75.63088,0.0,circle,0.475,0.013,False,Ia,0.0,0.0,LHG81,"1981ApJ...248..925L (Long, Helfand & Grabelsky 1981)",verify-bibcode,,,DEM L204,,,,,-0.51,0.04,0.1365,,,,True,True,False,False,False,False,,3
48,MCSNR J0527-6714,J0527-6714,82.03291666666665,-67.2286111111111,SNR,6.9,6.9,6.9,3.45,100.35636,0.0,circle,0.037,0.0153,False,CC,0.0,0.0,TM84,TM84,unmapped,,,B0528-6716,0.25,2.28,,,-0.28,0.09,0.1113,0.31,37800.0,0.0362,True,True,True,False,False,False,,3
49,MCSNR J0527-6912,J0527-6912,81.91541666666666,-69.20555555555556,SNR,3.9,3.9,3.9,1.95,56.72316,0.0,circle,0.447,0.016,False,CC,0.0,0.0,MFD84,MFD84,unmapped,,,B0528-692,1.99,,,,,,,0.195,27900.0,0.0575,True,True,True,False,False,False,,3
50,MCSNR J0527-7104,J0527-7104,82.005,-71.07305555555556,SNR,5.6,3.2,4.4,2.2,63.995360000000005,65.0,ellipse,0.127,0.015,False,Ia?,0.5454545454545453,0.8206518066482897,KSP13,KSP13,unmapped,,,[HP99] 1234,0.21,0.66,25000.0,,,,,0.568,33400.0,0.0108,True,True,True,False,False,False,,3
51,MCSNR J0527-7134,J0527-7134,81.95791666666666,-71.56888888888888,SNR,3.8,3.6,3.7,1.85,53.81428,45.0,ellipse,0.069,0.0092,False,,0.05405405405405398,0.3201453963314851,B17,2017ApJS..230....2B,ok,,,B17-Candidates-New,,,,,-0.52,0.41,0.0284,,,,False,True,False,False,True,False,,3
52,MCSNR J0528-6727,J0528-6727,82.02083333333333,-67.45555555555556,SNR,5.7,5.7,5.7,2.85,82.90308,0.0,circle,0.18,0.015,False,CC,0.0,0.0,MHB12,MHB12,unmapped,,,DEM L205,0.58,,,,,,,0.569,40800.0,0.0313,True,True,True,False,False,False,,3
53,MCSNR J0529-6653,J0529-6653,82.45499999999998,-66.89277777777778,SNR,3.5,3.5,3.5,1.75,50.9054,0.0,circle,0.395,0.011,False,CC,0.0,0.0,BFC12a,BFC12a,unmapped,,,DEM L214,1.04,0.96,,,-0.68,0.03,0.0863,1.67,5040.0,0.0731,True,True,True,False,False,False,,3
54,MCSNR J0529-7004,J0529-7004,82.2975,-70.07777777777777,SNR,1.6,1.6,1.6,0.8,23.27104,0.0,circle,0.15,0.026,False,,0.0,0.0,Y20,"Yew 2020, PhD thesis",verify-bibcode,,,,,,,,,,,,,,False,False,False,True,False,False,,3
55,MCSNR J0530-7008,J0530-7008,82.6625,-70.125,SNR,5.8,5.8,5.8,2.9,84.35752,0.0,circle,0.348,0.03,False,Ia,0.0,0.0,DFB12,DFB12,unmapped,,,DEM L218,0.72,0.29,,,-0.27,0.01,0.0718,0.4,45200.0,0.0278,True,True,True,False,False,False,,3
56,MCSNR J0531-7100,J0531-7100,82.98333333333332,-71.00527777777778,SNR,4.0,4.0,4.0,2.0,58.1776,0.0,circle,1.14,0.02,False,CC?,0.0,0.0,MC73,1973ApJ...180..725M (Mathewson & Clarke 1973),verify-bibcode,,,N206,2.55,0.2,25000.0,,-0.66,0.03,0.4086,0.496,13100.0,0.0868,True,True,True,False,False,False,,3
57,MCSNR J0532-6732,J0532-6732,83.05833333333332,-67.53611111111111,SNR,5.3,5.3,5.3,2.65,77.08532,0.0,circle,1.17,0.02,False,CC,0.0,0.0,MFT85,Mathewson et al. 1985,verify-bibcode,,,B0532-675,2.48,0.54,,,-0.63,0.04,0.2152,1.68,22100.0,0.0442,True,True,True,False,False,False,,3
58,MCSNR J0533-7202,J0533-7202,83.47208333333332,-72.04916666666666,SNR,4.4,4.4,4.4,2.2,63.995360000000005,0.0,circle,0.259,0.014,False,Ia,0.0,0.0,BFC13,BFC13,unmapped,,,1RXSJ053353.6-7204,0.57,0.26,,,-0.47,0.06,0.1333,0.31,21900.0,0.0507,True,True,True,False,False,False,,3
59,MCSNR J0534-6955,J0534-6955,83.50166666666665,-69.9175,SNR,3.3,3.3,3.3,1.65,47.99652,0.0,circle,3.36,0.04,False,Ia?,0.0,0.0,LHG81,"1981ApJ...248..925L (Long, Helfand & Grabelsky 1981)",verify-bibcode,,,B0534-699,6.33,0.92,10000.0,,-0.51,0.01,0.0889,0.76,13400.0,0.506,True,True,True,False,False,False,,3
60,MCSNR J0534-7033,J0534-7033,83.56208333333332,-70.56277777777777,SNR,4.1,4.1,4.1,2.05,59.63203999999999,0.0,circle,0.712,0.02,False,Ia?,0.0,0.0,LHG81,"1981ApJ...248..925L (Long, Helfand & Grabelsky 1981)",verify-bibcode,,,DEM L238,1.55,,13500.0,,-0.44,0.09,0.0796,0.833,11000.0,0.0515,True,True,True,False,False,False,,3
61,MCSNR J0535-6602,J0535-6602,83.93708333333332,-66.03583333333333,SNR,3.1,3.1,3.1,1.55,45.08764,0.0,circle,83.3,0.1,False,CC?,0.0,0.0,WM66,Westerlund & Mathewson 1966,verify-bibcode,,,N63A,185.68,0.46,3500.0,1500.0,-0.74,0.02,1.8641,2.04,6610.0,3.04,True,True,True,False,False,False,,3
62,MCSNR J0535-6916,J0535-6916,83.86541666666666,-69.27083333333333,SNR,1.4,1.4,1.4,0.7,20.36216,0.0,circle,6.61,0.05,False,CC?,0.0,0.0,HISTORICAL,HISTORICAL,unmapped,,,SNR1987A,27.39,1.16,28.0,,-0.68,0.03,0.82,,,,True,True,False,False,False,False,,3
63,MCSNR J0535-6918,J0535-6918,83.94666666666664,-69.30388888888889,SNR,2.2,2.2,2.2,1.1,31.997680000000003,0.0,circle,0.129,0.017,False,CC,0.0,0.0,CDS95,CDS95,unmapped,,,Honeycomb,0.4,,,,-0.71,0.05,0.1483,0.11,9390.0,0.248,True,True,True,False,False,False,,3
64,MCSNR J0536-6735,J0536-6735,83.98416666666665,-67.56861111111111,SNR,6.8,3.6,5.2,2.6,75.63088,66.0,ellipse,1.37,0.02,False,CC?,0.6153846153846153,0.8483650059915269,MFT85,Mathewson et al. 1985,verify-bibcode,,,DEM L241,3.84,0.66,10000.0,,,,,0.797,14900.0,0.0728,True,True,True,False,False,False,,3
65,MCSNR J0536-6913,J0536-6913,84.06416666666665,-69.21861111111112,SNR,1.8,1.8,1.8,0.9,26.17992,0.0,circle,0.122,0.01,False,CC?,0.0,0.0,KSB15a,KSB15a,unmapped,,,B0536-6914,0.22,1.11,3550.0,1350.0,,,,0.0435,4200.0,0.098,True,True,True,False,False,False,,3
66,MCSNR J0536-7039,J0536-7039,84.00541666666665,-70.64055555555557,SNR,4.5,4.5,4.5,2.25,65.4498,0.0,circle,0.7,0.019,False,Ia?,0.0,0.0,LHG81,"1981ApJ...248..925L (Long, Helfand & Grabelsky 1981)",verify-bibcode,,,DEM L249,1.43,,15000.0,,-0.52,0.06,0.0699,0.168,20900.0,0.0434,True,True,True,False,False,False,,3
67,MCSNR J0537-6628,J0537-6628,84.37875,-66.46444444444445,SNR,4.4,3.0,3.7,1.85,53.81428,315.0,ellipse,0.131,0.006,False,Ia,0.37837837837837845,0.7315216790650492,KPS10,"Klimek, Points & Smith 2010",verify-bibcode,,,DEM L256,0.32,0.25,,,-0.47,0.06,0.0729,0.415,20100.0,0.0317,True,True,True,False,False,False,,3
68,MCSNR J0537-6910,J0537-6910,84.4475,-69.1713888888889,SNR,2.6,2.6,2.6,1.3,37.81544,0.0,circle,2.86,0.03,False,CC?,0.0,0.0,MC73,1973ApJ...180..725M (Mathewson & Clarke 1973),verify-bibcode,,,N157B,15.0,1.73,5000.0,,-0.38,0.03,2.8817,10.8,1310.0,0.0776,True,True,True,False,False,False,,3
69,MCSNR J0540-6920,J0540-6920,85.04291666666666,-69.33305555555555,SNR,1.4,1.4,1.4,0.7,20.36216,0.0,circle,10.8,0.1,False,CC?,0.0,0.0,MC73,1973ApJ...180..725M (Mathewson & Clarke 1973),verify-bibcode,,,B0540-693,87.35,1.58,1600.0,,-0.63,0.03,1.0272,0.235,6040.0,0.601,True,True,True,False,False,False,,3
70,MCSNR J0540-6944,J0540-6944,85.02541666666666,-69.73333333333333,SNR,1.4,1.4,1.4,0.7,20.36216,0.0,circle,0.946,0.018,False,CC,0.0,0.0,CKS97,CKS97,unmapped,,,N159,0.43,1.92,,,,,,0.649,19000.0,0.449,True,True,True,False,False,False,,3
71,MCSNR J0541-6659,J0541-6659,85.45625,-66.97888888888889,SNR,5.6,5.6,5.6,2.8,81.44864,0.0,circle,0.345,0.01,False,Ia,0.0,0.0,GSH12,GSH12,unmapped,,,[HP99] 456,0.77,,,,,,,0.5,26500.0,0.0166,True,True,True,True,False,False,,3
72,MCSNR J0542-7104,J0542-7104,85.675,-71.07472222222222,SNR,1.7,1.7,1.7,0.85,24.72548,0.0,circle,0.057,0.0075,False,,0.0,0.0,Y20,"Yew 2020, PhD thesis",verify-bibcode,,,,,,,,,,,,,,False,False,False,True,True,False,,3
73,MCSNR J0543-6624,J0543-6624,85.95249999999999,-66.39750000000001,SNR,5.6,5.6,5.6,2.8,81.44864,0.0,circle,0.105,0.007,False,,0.0,0.0,Za24,2024A&A...692A.237Z,ok,,,,,,,,,,,,,,False,False,False,False,False,False,,3
74,MCSNR J0543-6858,J0543-6858,85.77458333333333,-68.98416666666667,SNR,5.6,5.6,5.6,2.8,81.44864,0.0,circle,0.709,0.02,False,CC,0.0,0.0,LHG81,"1981ApJ...248..925L (Long, Helfand & Grabelsky 1981)",verify-bibcode,,,DEM L299,1.68,0.4,,,,,,4.44,13700.0,0.025,True,True,True,False,False,False,,3
75,MCSNR J0547-6941,J0547-6941,86.84666666666665,-69.68972222222223,SNR,2.7,2.7,2.7,1.35,39.26988,0.0,circle,0.63,0.013,False,Ia?,0.0,0.0,MC73,1973ApJ...180..725M (Mathewson & Clarke 1973),verify-bibcode,,,DEM L316A,1.26,0.92,27000.0,,-0.54,0.16,0.5217,0.771,4950.0,0.105,True,True,True,False,False,False,,3
76,MCSNR J0547-6943,J0547-6943,86.74666666666666,-69.71805555555555,SNR,4.4,3.0,3.7,1.85,53.81428,35.0,ellipse,0.62,0.014,False,CC,0.37837837837837845,0.7315216790650492,MC73,1973ApJ...180..725M (Mathewson & Clarke 1973),verify-bibcode,,,DEM L316B,1.47,0.63,,,-0.53,0.16,0.7282,0.362,18600.0,0.13,True,True,True,False,False,False,,3
77,MCSNR J0547-7025,J0547-7025,86.95083333333332,-70.415,SNR,3.4,3.4,3.4,1.7,49.45096,0.0,circle,1.7,0.02,False,Ia?,0.0,0.0,MFD83,MFD83,unmapped,,,B0548-704,2.94,0.88,7100.0,,-0.56,0.03,0.0632,0.257,11700.0,0.271,True,True,True,False,False,False,,3
78,MCSNR J0550-6823,J0550-6823,87.62874999999998,-68.39527777777778,SNR,7.0,5.6,6.3,3.15,91.62972,25.0,ellipse,0.494,0.012,False,CC,0.2222222222222223,0.6000000000000001,BFC12b,BFC12b,unmapped,,,DEM L328,1.22,1.22,,,-0.41,0.02,0.6495,,,,True,True,False,False,False,False,,3
c01,J0444-6758,J0444-6758,71.11583333333333,-67.97027777777778,SNR_candidate,2.6,1.8,2.2,1.1,31.997680000000003,80.0,ellipse,,,True,,0.36363636363636365,0.7216024245882199,Y21,2021MNRAS.500.2336Y,ok,,,,,,,,,,,,,,False,False,False,True,False,False,,3
c02,J0450-6818,J0450-6818,72.55166666666666,-68.30138888888888,SNR_candidate,7.4,6.6,7.0,3.5,101.8108,105.0,ellipse,,,True,,0.1142857142857144,0.4522486629913924,Y21,2021MNRAS.500.2336Y,ok,,,,,,,,,,,,,,False,False,False,True,False,False,,3
c03,J045145.7-671724,J045145.7-671724,72.94041666666665,-67.28999999999999,SNR_candidate,9.8,5.6,7.7,3.85,111.99188,60.0,ellipse,0.206,0.019,False,,0.5454545454545455,0.8206518066482898,Za24,2024A&A...692A.237Z,ok,,,,,,,,,,,,,,False,False,False,False,False,False,,3
c04,J0451-6906,J0451-6906,72.91208333333333,-69.10722222222222,SNR_candidate,10.0,6.4,8.2,4.1,119.26407999999998,345.0,ellipse,,,True,,0.43902439024390244,0.7683749084919418,B23,2022MNRAS.518.2574B,ok,,,,,,,,,,,,,,False,False,False,False,False,True,,3
c05,J0451-6951,J0451-6951,72.96958333333333,-69.86138888888888,SNR_candidate,2.8,2.8,2.8,1.4,40.72432,0.0,circle,,,True,,0.0,0.0,B23,2022MNRAS.518.2574B,ok,,,,,,,,,,,,,,False,False,False,False,False,True,,3
c06,J0452-6638,J0452-6638,73.17583333333334,-66.64527777777778,SNR_candidate,4.6,6.6,5.6,2.8,81.44864,0.0,ellipse,0.015,0.0183,False,,0.35714285714285715,0.7171005797696505,B23,2022MNRAS.518.2574B,ok,,,,,,,,,,,,,,False,False,False,False,False,True,,3
c07,J0455-6830,J0455-6830,73.90333333333334,-68.50972222222222,SNR_candidate,1.3,1.3,1.3,0.65,18.90772,0.0,circle,,,True,,0.0,0.0,Y21,2021MNRAS.500.2336Y,ok,,,,,,,,,,,,,,False,False,False,True,False,False,,3
c08,J045625.5-683052,J045625.5-683052,74.10624999999999,-68.51444444444445,SNR_candidate,2.7,2.7,2.7,1.35,39.26988,0.0,circle,0.029,0.0078,False,,0.0,0.0,Za24,2024A&A...692A.237Z,ok,,,,,,,,,,,,,,False,False,False,False,False,False,,3
c09,J0457-6739,J0457-6739,74.38749999999999,-67.65138888888889,SNR_candidate,2.5,2.5,2.5,1.25,36.361,0.0,circle,,,True,,0.0,0.0,B17,2017ApJS..230....2B,ok,,,B17-Candidates-New,,,,,-0.5,0.0,0.0304,,,,False,True,False,False,False,False,,3
c10,J0457-6823,J0457-6823,74.38999999999999,-68.39416666666668,SNR_candidate,6.6,3.8,5.199999999999999,2.5999999999999996,75.63087999999999,330.0,ellipse,0.025,0.0128,False,,0.5384615384615385,0.8176204583776995,B23,2022MNRAS.518.2574B,ok,,,,,,,,,,,,,,False,False,False,False,False,True,,3
c11,J0457-6923,J0457-6923,74.2825,-69.39944444444446,SNR_candidate,4.0,3.4,3.7,1.85,53.81428,90.0,ellipse,,,True,,0.16216216216216217,0.526782687642637,B17,2017ApJS..230....2B,ok,,,B17-Candidates,,,,,,,,,,,False,True,False,False,False,False,,3
c12,J0459-6757,J0459-6757,74.97916666666666,-67.95027777777779,SNR_candidate,4.4,3.8,4.1,2.05,59.63203999999999,357.0,ellipse,0.012,0.0098,False,,0.14634146341463428,0.5041152957458827,B23,2022MNRAS.518.2574B,ok,,,,,,,,,,,,,,False,False,False,False,False,True,,3
c13,J0459-7008b,J0459-7008b,74.91125,-70.14361111111111,SNR_candidate,3.8,3.2,3.5,1.75,50.9054,150.0,ellipse,0.173,0.014,False,,0.17142857142857132,0.5393131982083998,B23,2022MNRAS.518.2574B,ok,,,,,,,,,,,,,,False,False,False,False,False,True,,3
c14,J0502-6739,J0502-6739,75.51041666666666,-67.65861111111111,SNR_candidate,6.4,5.6,6.0,3.0,87.2664,60.0,ellipse,,,True,,0.13333333333333344,0.48412291827592735,Y21,2021MNRAS.500.2336Y,ok,,,,,,,,,,,,,,False,False,False,True,False,False,,3
c15,J0504-6901,J0504-6901,76.01999999999998,-69.02,SNR_candidate,8.6,8.2,8.399999999999999,4.199999999999999,122.17295999999997,22.0,ellipse,0.047,0.0248,False,,0.04761904761904767,0.30142979992594693,B23,2022MNRAS.518.2574B,ok,,,,,,,,,,,,,,False,False,False,False,False,True,,3
c16,J0506-6509,J0506-6509,76.70458333333332,-65.15527777777778,SNR_candidate,6.4,6.2,6.300000000000001,3.1500000000000004,91.62972000000002,170.0,ellipse,,,True,,0.03174603174603177,0.2480391854123056,Y21,2021MNRAS.500.2336Y,ok,,,,,,,,,,,,,,False,False,False,True,False,False,,3
c17,J050750.8-714241,J050750.8-714241,76.96166666666666,-71.71138888888889,SNR_candidate,4.8,3.8,4.3,2.15,62.54092,359.0,ellipse,0.056,0.0141,False,,0.23255813953488372,0.6109532624422991,Za24,2024A&A...692A.237Z,ok,,,,,,,,,,,,,,False,False,False,False,False,False,,3
c18,J0507-7110,J0507-7110,76.89708333333331,-71.17083333333333,SNR_candidate,7.4,6.0,6.7,3.35,97.44748,0.0,ellipse,,,True,,0.20895522388059706,0.5853083196677761,B17,2017ApJS..230....2B,ok,,,B17-Candidates-New,,,,,,,,,,,False,True,False,False,False,False,,3
c19,J0508-6928,J0508-6928,77.19375,-69.47111111111111,SNR_candidate,5.5,5.5,5.5,2.75,79.99419999999999,0.0,circle,,,True,,0.0,0.0,Y21,2021MNRAS.500.2336Y,ok,,,,,,,,,,,,,,False,False,False,True,False,False,,3
c20,J0509-6402,J0509-6402,77.31458333333333,-64.03527777777778,SNR_candidate,5.4,4.0,4.7,2.35,68.35867999999999,50.0,ellipse,0.031,0.0076,False,,0.29787234042553196,0.6717910054524836,Y21,2021MNRAS.500.2336Y,ok,,,,,,,,,,,,,,False,False,False,True,False,False,,3
c21,J051028.3-685329,J051028.3-685329,77.61791666666667,-68.8913888888889,SNR_candidate,3.7,3.7,3.7,1.85,53.81428,0.0,circle,0.072,0.0113,False,,0.0,0.0,Za24,2024A&A...692A.237Z,ok,,,,,,,,,,,,,,False,False,False,False,False,False,,3
c22,J0513-6731,J0513-6731,78.36208333333332,-67.53138888888888,SNR_candidate,5.0,3.6,4.3,2.15,62.54092,60.0,ellipse,0.044,0.0096,False,,0.3255813953488372,0.6939740629158988,B17,2017ApJS..230....2B,ok,,,B17-Candidates,,,,,-0.56,0.41,0.0261,,,,False,True,False,False,False,False,,3
c23,J0517-6757,J0517-6757,79.47333333333331,-67.95694444444445,SNR_candidate,1.4,1.4,1.4,0.7,20.36216,0.0,circle,,,True,,0.0,0.0,Y21,2021MNRAS.500.2336Y,ok,,,,,,,,,,,,,,False,False,False,True,False,False,,3
c24,J052126.5-685245,J052126.5-685245,80.36041666666665,-68.87916666666666,SNR_candidate,5.2,5.2,5.2,2.6,75.63088,0.0,circle,0.084,0.0141,False,,0.0,0.0,Za24,2024A&A...692A.237Z,ok,,,,,,,,,,,,,,False,False,False,False,False,False,,3
c25,J052136.6-670741,J052136.6-670741,80.40249999999999,-67.12805555555555,SNR_candidate,6.6,6.6,6.6,3.3,95.99304,0.0,circle,0.031,0.0137,False,,0.0,0.0,Za24,2024A&A...692A.237Z,ok,,,,,,,,,,,,,,False,False,False,False,False,False,,3
c26,J052148.7-693649,J052148.7-693649,80.45291666666665,-69.61361111111111,SNR_candidate,5.2,5.2,5.2,2.6,75.63088,0.0,circle,0.136,0.02,False,,0.0,0.0,Za24,2024A&A...692A.237Z,ok,,,,,,,,,,,,,,False,False,False,False,False,False,,3
c27,J052330.7-680400,J052330.7-680400,80.87791666666666,-68.06666666666666,SNR_candidate,3.9,3.9,3.9,1.95,56.72316,0.0,circle,0.041,0.0102,False,,0.0,0.0,Za24,2024A&A...692A.237Z,ok,,,,,,,,,,,,,,False,False,False,False,False,False,,3
c28,J052502.7-662125,J052502.7-662125,81.26124999999999,-66.35694444444444,SNR_candidate,5.1,5.1,5.1,2.55,74.17643999999999,0.0,circle,0.119,0.011,False,,0.0,0.0,Za24,2024A&A...692A.237Z,ok,,,,,,,,,,,,,,False,False,False,False,False,False,,3
c29,J052849.7-671913,J052849.7-671913,82.20708333333333,-67.32027777777778,SNR_candidate,3.8,3.8,3.8,1.9,55.26872,0.0,circle,0.037,0.0082,False,,0.0,0.0,Za24,2024A&A...692A.237Z,ok,,,,,,,,,,,,,,False,False,False,False,False,False,,3
c30,J0528-7018,J0528-7018,82.19166666666666,-70.29916666666666,SNR_candidate,9.2,8.8,9.0,4.5,130.8996,140.0,ellipse,0.011,0.0331,False,,0.04444444444444429,0.2916610405434503,Y21,2021MNRAS.500.2336Y,ok,,,,,,,,,,,,,,False,False,False,True,False,False,,3
c31,J053224.5-655411,J053224.5-655411,83.10208333333331,-65.90305555555557,SNR_candidate,2.8,2.8,2.8,1.4,40.72432,0.0,circle,0.038,0.005,False,,0.0,0.0,Za24,2024A&A...692A.237Z,ok,,,,,,,,,,,,,,False,False,False,False,False,False,,3
c32,J0534-6700,J0534-6700,83.67666666666665,-66.99861111111112,SNR_candidate,3.0,2.6,2.8,1.4,40.72432,0.0,ellipse,0.017,0.0044,False,,0.14285714285714282,0.4988876515698588,B23,2022MNRAS.518.2574B,ok,,,,,,,,,,,,,,False,False,False,False,False,True,,3
c33,J0534-6720,J0534-6720,83.52041666666665,-67.3475,SNR_candidate,2.7,2.7,2.7,1.35,39.26988,0.0,circle,0.099,0.0127,False,,0.0,0.0,B23,2022MNRAS.518.2574B,ok,,,,,,,,,,,,,,False,False,False,False,False,True,,3
c34,J0538-6921,J0538-6921,84.56124999999997,-69.35666666666665,SNR_candidate,5.6,5.4,5.5,2.75,79.99419999999999,0.0,ellipse,0.383,0.024,False,,0.03636363636363624,0.26486423168198764,B17,2017ApJS..230....2B,ok,,,B17-Candidates,,,,,-0.59,0.04,0.5207,,,,False,True,False,False,False,False,,3
c35,J0538-7004,J0538-7004,84.68708333333332,-70.07333333333332,SNR_candidate,1.3,1.3,1.3,0.65,18.90772,0.0,circle,,,True,,0.0,0.0,Y21,2021MNRAS.500.2336Y,ok,,,,,,,,,,,,,,False,False,False,True,False,False,,3
c36,J0539-7001,J0539-7001,84.89791666666666,-70.03111111111112,SNR_candidate,6.0,2.4,4.2,2.1,61.08648,135.0,ellipse,0.308,0.014,False,,0.8571428571428571,0.916515138991168,HP99,1999A&AS..139..277H (Haberl & Pietsch 1999),ok,,,B17-Candidates,,,,,-0.47,0.41,0.0054,,,,False,True,False,False,False,False,,3
c37,J0542-6852,J0542-6852,85.49708333333332,-68.86694444444444,SNR_candidate,6.0,5.8,5.9,2.95,85.81196,343.0,ellipse,0.075,0.0158,False,,0.03389830508474579,0.25603819159562036,B23,2022MNRAS.518.2574B,ok,,,,,,,,,,,,,,False,False,False,False,False,True,,3
c38,J0543-6906,J0543-6906,85.8625,-69.12249999999999,SNR_candidate,7.3,7.3,7.3,3.65,106.17412,0.0,circle,0.397,0.025,False,,0.0,0.0,B23,2022MNRAS.518.2574B,ok,,,,,,,,,,,,,,False,False,False,False,False,True,,3
c39,J0543-6923,J0543-6923,85.81875,-69.39083333333333,SNR_candidate,9.6,7.0,8.3,4.15,120.71852000000001,0.0,ellipse,,,True,,0.3132530120481927,0.6843361544023684,B23,2022MNRAS.518.2574B,ok,,,,,,,,,,,,,,False,False,False,False,False,True,,3
c40,J0543-6928,J0543-6928,85.77624999999999,-69.47833333333334,SNR_candidate,4.8,3.0,3.9,1.95,56.72316,35.0,ellipse,0.036,0.0118,False,,0.4615384615384615,0.7806247497997998,B23,2022MNRAS.518.2574B,ok,,,,,,,,,,,,,,False,False,False,False,False,True,,3
c41,J0548-6941,J0548-6941,87.20499999999998,-69.68944444444445,SNR_candidate,5.2,3.2,4.2,2.1,61.08648,150.0,ellipse,,,True,,0.47619047619047616,0.7882269819968921,Y21,2021MNRAS.500.2336Y,ok,,,,,,,,,,,,,,False,False,False,True,False,False,,3
c42,J054949.7-700145,J054949.7-700145,87.45708333333333,-70.02916666666667,SNR_candidate,5.2,3.4,4.3,2.15,62.54092,160.0,ellipse,0.058,0.0082,False,,0.4186046511627908,0.7566275220348463,Za24,2024A&A...692A.237Z,ok,,,,,,,,,,,,,,False,False,False,False,False,False,,3
c43,J0549-6618,J0549-6618,87.37666666666665,-66.2936111111111,SNR_candidate,2.2,2.0,2.1,1.05,30.54324,45.0,ellipse,,,True,,0.09523809523809532,0.416597790450531,Y21,2021MNRAS.500.2336Y,ok,,,,,,,,,,,,,,False,False,False,True,False,False,,3
c44,J0549-6633,J0549-6633,87.35666666666665,-66.56277777777777,SNR_candidate,5.8,4.2,5.0,2.5,72.722,45.0,ellipse,,,True,,0.31999999999999995,0.689655172413793,Y21,2021MNRAS.500.2336Y,ok,,,,,,,,,,,,,,False,False,False,True,False,False,,3
c45,MCSNR J0614-7251,J0614-7251,93.65874999999998,-72.85333333333332,SNR,3.6,3.6,3.6,1.8,52.35984,0.0,circle,0.276,0.012,False,,0.0,0.0,Za24,2024A&A...692A.237Z,ok,Sa25,2025A&A...693L..15S,J061438.1-725112,,,,,,,,,,,False,False,False,False,False,False,eROSITA SNR candidate (Zangrandi+24) confirmed as an LMC SNR by Sasaki+25 (2025A&A...693L..15S): environment density and X-ray properties similar to the known LMC SNR population.,3
c46,MCSNR J0624-6948,J0624-6948,96.05624999999999,-69.8086111111111,SNR,4.5,4.5,4.5,2.25,65.4498,0.0,circle,0.037,0.0073,False,,0.0,0.0,F22,"2022MNRAS.512..265F",ok,Sa25,2025A&A...693L..15S,,,,,,,,,,,,False,False,False,False,False,False,"SNR candidate (Filipovic+22; Zangrandi+24) confirmed as an LMC SNR by Sasaki+25 (2025A&A...693L..15S): radio shell spectral index and polarisation typical of an SNR; low-density environment, n0 < 0.01 cm^-3.",3
